#create database attmercearia;
#use attmercearia;

CREATE TABLE tbvenda (
    id INT UNIQUE,
    dia DATE,
	produtoId int,
    FOREIGN KEY (produtoId)
        REFERENCES tbProd (idProd),
    quantidade INT,
    clienteId int,
		foreign key (clienteId) references tbCliente (idCliente)
);

INSERT INTO tbVenda VALUES
  (01, "2022-06-12", 1, 7, 1),
  (02, "2022-06-16", 2, 10, 2),
  (03, "2022-06-13", 3, 8, 3),
  (04, "2022-06-05", 3, 3, 4),
  (05, "2022-06-16", 4, 6, 5),
  (06, "2022-06-21", 2, 6, 6),
  (07, "2022-06-23", 2, 1, 1),
  (08, "2022-06-11", 3, 2, 7),
  (09, "2022-06-23", 1, 3, 1),
  (10, "2022-06-26", 2, 9, 8),
  (11, "2022-06-08", 1, 10, 7),
  (12, "2022-06-28", 1, 6, 9),
  (13, "2022-06-03", 4, 3, 8),
  (14, "2022-06-18", 4, 8, 10),
  (15, "2022-06-09", 5, 5, 3),
  (16, "2022-06-02", 2, 6, 11),
  (17, "2022-06-14", 1, 5, 11),
  (18, "2022-06-04", 6, 6, 8),
  (19, "2022-06-09", 5, 5, 7),
  (20, "2022-06-13", 2, 9, 10),
  (21, "2022-06-29", 4, 4, 12),
  (22, "2022-06-10", 3, 3, 12),
  (23, "2022-06-03", 6, 1, 3),
  (24, "2022-06-25", 3, 2, 13),
  (25, "2022-06-11", 2, 10, 6),
  (26, "2022-06-15", 3, 8, 6),
  (27, "2022-06-27", 6, 1, 11),
  (28, "2022-06-21", 2, 9, 10),
  (29, "2022-06-01", 2, 6, 14),
  (30, "2022-06-16", 6, 5, 10),
  (31, "2022-06-12", 1, 8, 6),
  (32, "2022-06-18", 5, 8, 12),
  (33, "2022-06-18", 2, 7, 6),
  (34, "2022-06-16", 4, 3, 8),
  (35, "2022-06-28", 2, 1, 10),
  (36, "2022-06-25", 3, 1, 5),
  (37, "2022-06-05", 1, 10, 9),
  (38, "2022-06-02", 4, 1, 10),
  (39, "2022-06-14", 4, 10, 10),
  (40, "2022-06-09", 2, 3, 11),
  (41, "2022-06-27", 3, 5, 11),
  (42, "2022-06-18", 1, 1, 12),
  (43, "2022-06-06", 5, 6, 13),
  (44, "2022-06-09", 2, 5, 4),
  (45, "2022-06-14", 1, 7, 3),
  (46, "2022-06-05", 5, 4, 5),
  (47, "2022-06-15", 6, 9, 14),
  (48, "2022-06-11", 3, 6, 5),
  (49, "2022-06-07", 2, 3, 9),
  (50, "2022-06-02", 3, 7, 5),
  (51, "2022-06-09", 1, 3, 6),
  (52, "2022-06-09", 4, 2, 9),
  (53, "2022-06-26", 1, 3, 7),
  (54, "2022-06-21", 2, 7, 7),
  (55, "2022-06-30", 5, 2, 11),
  (56, "2022-06-30", 5, 4, 1),
  (57, "2022-06-12", 6, 6, 14),
  (58, "2022-06-24", 6, 9, 14),
  (59, "2022-06-17", 2, 9, 12),
  (60, "2022-06-19", 3, 3, 14),
  (61, "2022-06-06", 6, 7, 3),
  (62, "2022-06-27", 2, 10, 6),
  (63, "2022-06-27", 3, 1, 13),
  (64, "2022-06-24", 4, 10, 11),
  (65, "2022-06-16", 1, 10, 5),
  (66, "2022-06-17", 1, 10, 1),
  (67, "2022-06-14", 4, 5, 1),
  (68, "2022-06-13", 2, 5, 1),
  (69, "2022-06-01", 6, 6, 12),
  (70, "2022-06-05", 2, 8, 10),
  (71, "2022-06-02", 4, 3, 12),
  (72, "2022-06-14", 4, 3, 5),
  (73, "2022-06-23", 6, 9, 4),
  (74, "2022-06-21", 3, 7, 3),
  (75, "2022-06-12", 3, 9, 15),
  (76, "2022-06-12", 4, 2, 4),
  (77, "2022-06-11", 4, 5, 3),
  (78, "2022-06-02", 3, 2, 13),
  (79, "2022-06-16", 4, 6, 5),
  (80, "2022-06-30", 2, 1, 5),
  (81, "2022-06-25", 3, 4, 5),
  (82, "2022-06-08", 4, 2, 8),
  (83, "2022-06-29", 3, 8, 10),
  (84, "2022-06-01", 5, 1, 10),
  (85, "2022-06-23", 4, 2, 10),
  (86, "2022-06-01", 5, 3, 3),
  (87, "2022-06-17", 1, 4, 10),
  (88, "2022-06-06", 1, 1, 10),
  (89, "2022-06-18", 2, 3, 13),
  (90, "2022-06-05", 6, 7, 1),
  (91, "2022-06-01", 2, 1, 3),
  (92, "2022-06-03", 4, 2, 13),
  (93, "2022-06-09", 2, 5, 6),
  (94, "2022-06-03", 5, 9, 3),
  (95, "2022-06-14", 5, 4, 10),
  (96, "2022-06-16", 3, 4, 1),
  (97, "2022-06-05", 6, 3, 11);

#drop table tbProd;
CREATE TABLE tbProd (
    idProd INT UNIQUE PRIMARY KEY AUTO_INCREMENT,
    nome VARCHAR(20)
);

insert into tbProd (idProd, nome) values
(1, "QUEIJO"), (2, "MANTEIGA"), (3, "PAÇOCA"), (4, "PRESUNTO"), (5, "LEITE"), (6, "PÃO");

#drop table tbCliente;
CREATE TABLE tbCliente (
    idCliente INT UNIQUE PRIMARY KEY AUTO_INCREMENT,
    cliente VARCHAR(70)
);

insert into tbCliente values
(1, "Boris"), (2, "Brian"), (3, "Deirdre"), (4, "Jacob"), (5, "Isaac"),
(6, "Ian"), (7, "Jason"), (8, "Amanda"), (9, "Bella"), (10, "Audrey"),
(11, "Alison"), (12, "Irene"), (13, "Faith"), (14, "Jennifer"), (15, "Evan") ;


SELECT * FROM tbVenda;